{
  "_id": "5b4f7280020eb20597f40200",
  "NewsAgency": "AsrIran",
  "newsCode": "621582",
  "newsLink": "http://www.asriran.com/fa/news/621582",
  "date": "تاریخ انتشار:  ۱۴:۴۷ - ۲۷ تير ۱۳۹۷ - 18 July 2018",
  "newsPath": "صفحه نخست » اقتصادی",
  "newsPathLinks": {
    "صفحه نخست": "/fa/archive?service_id=1",
    "اقتصادی": "/fa/archive?service_id=1&amp;cat_id=4"
  },
  "title": "تعداد شعب داخلی شبکه بانکي کاهش یافت",
  "rutitr": "",
  "subtitle": "تعداد کل شعب داخل کشور شبکه بانکي در پایان خرداد ماه 1397، به 20598 شعبه ‌رسيد.",
  "body": "تعداد کل شعب داخل کشور شبکه بانکي در پایان خرداد ماه 1397 نسبت به پايان اسفند ماه&nbsp; 1396، 0.6 درصد کاهش یافت.به گزارش عصرایران به نقل از بانک مرکزی، تعداد کل شعب داخل کشور شبکه بانکي در پایان خرداد ماه 1397، به&nbsp; 20598&nbsp; شعبه &zwnj;رسيد.بر این اساس و در پایان خرداد ماه 1397، تعداد شعب بانک هاي دولتي 8681 شعبه ( 42.1 درصد) ، بانک هاي خصوصي شده 6461 شعبه ( 31.4 درصد) و بانک هاي خصوصي و موسسات اعتباري 5456 شعبه ( 26.5 درصد) است.همچنین تعداد کل شعب ريالي ـ ارزي شبکه بانکي کشور بالغ بر 3787 شعبه، تعداد شعب شهري 19735 و شعب روستايي 863 شعبه است.بر اساس این گزارش تعداد شعب خارج از کشور شبکه بانکي تعداد 48 شعبه و تعداد باجه هاي بانکي کشور در پايان خرداد ماه 1397 تعداد 2274&nbsp; باجه است و213 شعبه بانکی نیز در مناطق آزاد تجاري قرار دارند.بررسی تعداد شعب داخل کشور بانک ها و موسسات اعتباری&nbsp; به تفکیک استانی در پایان خرداد ماه سال 1397 نیز نشان می دهد که استان&zwnj;هاي تهران، اصفــهان و خراسان رضوي به &zwnj;ترتيب با 4049، 1431 و 1318 شعبه داراي بيشترين تعداد شعب هستند.گزارش فصلی &laquo;اطلاعات تعداد شعب بانک ها&nbsp; و موسسات اعتباری&raquo; توسط اداره اطلاعات بانکی بانک مرکزی تهیه و در آن تعداد شعب&nbsp; بانک ها و موسسات اعتباری به تفکیک گروه های بانکی و استانی اعلام می شود.",
  "bodyHtml": " <div align=\"justify\"><img class=\"image_btn\" style=\"margin: 0px 14px;\" title=\"تعداد شعب داخلی شبکه بانکي کاهش یافت\" src=\"http://cdn.asriran.com/files/fa/news/1397/4/27/875553_322.jpg\" alt=\"تعداد شعب داخلی شبکه بانکي کاهش یافت\" width=\"250\" height=\"169\" align=\"left\"/>تعداد کل شعب داخل کشور شبکه بانکي در پایان خرداد ماه 1397 نسبت به پايان اسفند ماه&nbsp; 1396، 0.6 درصد کاهش یافت.<br/><br/>به گزارش <span style=\"color: #0000cd;\">عصرایران</span> به نقل از بانک مرکزی، تعداد کل شعب داخل کشور شبکه بانکي در پایان خرداد ماه 1397، به&nbsp; 20598&nbsp; شعبه &zwnj;رسيد.<br/><br/>بر این اساس و در پایان خرداد ماه 1397، تعداد شعب بانک هاي دولتي 8681 شعبه ( 42.1 درصد) ، بانک هاي خصوصي شده 6461 شعبه ( 31.4 درصد) و بانک هاي خصوصي و موسسات اعتباري 5456 شعبه ( 26.5 درصد) است.<br/><br/>همچنین تعداد کل شعب ريالي ـ ارزي شبکه بانکي کشور بالغ بر 3787 شعبه، تعداد شعب شهري 19735 و شعب روستايي 863 شعبه است.<br/><br/><img class=\"image_btn\" style=\"margin: 0px auto; display: block;\" title=\"تعداد شعب داخلی شبکه بانکي کاهش یافت\" src=\"http://cdn.asriran.com/files/fa/news/1397/4/27/875556_701.jpg\" alt=\"تعداد شعب داخلی شبکه بانکي کاهش یافت\" width=\"404\" height=\"300\" align=\"\"/><br/><br/>بر اساس این گزارش تعداد شعب خارج از کشور شبکه بانکي تعداد 48 شعبه و تعداد باجه هاي بانکي کشور در پايان خرداد ماه 1397 تعداد 2274&nbsp; باجه است و213 شعبه بانکی نیز در مناطق آزاد تجاري قرار دارند.<br/><br/>بررسی تعداد شعب داخل کشور بانک ها و موسسات اعتباری&nbsp; به تفکیک استانی در پایان خرداد ماه سال 1397 نیز نشان می دهد که استان&zwnj;هاي تهران، اصفــهان و خراسان رضوي به &zwnj;ترتيب با 4049، 1431 و 1318 شعبه داراي بيشترين تعداد شعب هستند.<br/><br/>گزارش فصلی &laquo;اطلاعات تعداد شعب بانک ها&nbsp; و موسسات اعتباری&raquo; توسط اداره اطلاعات بانکی بانک مرکزی تهیه و در آن تعداد شعب&nbsp; بانک ها و موسسات اعتباری به تفکیک گروه های بانکی و استانی اعلام می شود.</div> <div class=\"wrapper\"/> ",
  "tags": {
    "بانک مرکزی": "/fa/tag/1/بانک مرکزی",
    "شعب داخلی": "/fa/tag/1/شعب داخلی"
  }
}